"MP Name","Constituency","State","House","Allocated Amount (₹)","Total Expenditure (₹)","Utilization %","Completed Works","Recommended Works","Completion Rate %","Unspent Amount (₹)","Transaction Count","Successful Payments","Pending Payments","Average Rating"
"Smt. S. Phangnon Konyak (2022-28)","Sitting Rajya Sabha","Nagaland","Rajya Sabha",206563957.11,196106200,94.94,57,18,76,10457757.110000014,123,123,0,"N/A"
"Smt. Darshana Singh (2022-28)","Sitting Rajya Sabha","Uttar Pradesh","Rajya Sabha",196994373.87,174994106,88.83,31,16,65.96,22000267.870000005,133,132,1,"N/A"
"Shri Mithlesh Kumar (2022-28)","Sitting Rajya Sabha","Uttar Pradesh","Rajya Sabha",196063957.11,170753928,87.09,195,9,95.59,25310029.110000014,232,232,0,"N/A"
"Smt. Sangeeta Yadav (2022-28)","Sitting Rajya Sabha","Uttar Pradesh","Rajya Sabha",196063957.11,169940841,86.68,43,78,35.54,26123116.110000014,261,260,1,"N/A"
"Smt. Geeta alias Chandraprabha (2020-26)","Sitting Rajya Sabha","Uttar Pradesh","Rajya Sabha",196063957.11,169877016.35,86.64,210,37,85.02,26186940.76000002,313,313,0,"N/A"
"Shri B.L. Verma (2020-26)","Sitting Rajya Sabha","Uttar Pradesh","Rajya Sabha",196063957.11,168937264.09,86.16,350,64,84.54,27126693.02000001,804,803,1,"N/A"
"Smt. Sumitra Balmik (2022-28)","Sitting Rajya Sabha","Madhya Pradesh","Rajya Sabha",196063957.11,163767349,83.53,62,116,34.83,32296608.110000014,419,418,1,"N/A"
"Shri Javed Ali Khan (2022-28)","Sitting Rajya Sabha","Uttar Pradesh","Rajya Sabha",196063957.11,160977854.28,82.1,125,68,64.77,35086102.83000001,260,250,10,"N/A"
"Shri Ramji (2020-26)","Sitting Rajya Sabha","Uttar Pradesh","Rajya Sabha",174518577.11,141923083,81.32,154,91,62.86,32595494.110000014,258,174,84,"N/A"
"Prof. Ram Gopal Yadav (2020-26)","Sitting Rajya Sabha","Uttar Pradesh","Rajya Sabha",221271395.11,178725656,80.77,25,56,30.86,42545739.110000014,125,123,2,"N/A"
"Shri R. Dharmar (2022-28)","Sitting Rajya Sabha","Tamil Nadu","Rajya Sabha",260812242.52,207877791,79.7,189,55,77.46,52934451.52000001,198,198,0,"N/A"
"Shri Hardeep Singh Puri (2020-26)","Sitting Rajya Sabha","Uttar Pradesh","Rajya Sabha",226801049.11,179856327.2,79.3,278,137,66.99,46944721.910000026,883,883,0,"N/A"
"Shri Khiru Mahto (2022-28)","Sitting Rajya Sabha","Bihar","Rajya Sabha",235770091.81,183791258,77.95,171,6,96.61,51978833.81,176,176,0,"N/A"
"Smt. Seema Dwivedi (2020-26)","Sitting Rajya Sabha","Uttar Pradesh","Rajya Sabha",173830159.11,135282718.4,77.82,209,199,51.23,38547440.71000001,313,299,14,"N/A"
"Dr. Faiyaz Ahmad (2022-28)","Sitting Rajya Sabha","Bihar","Rajya Sabha",235263957.11,181186677,77.01,130,59,68.78,54077280.110000014,172,165,7,"N/A"
"Smt. Ranjeet Ranjan (2022-28)","Sitting Rajya Sabha","Chhattisgarh","Rajya Sabha",246780257.87,185739464,75.27,157,124,55.87,61040793.870000005,452,430,22,"N/A"
"Dr. Bhim Singh (2024-30)","Sitting Rajya Sabha","Bihar","Rajya Sabha",186200000,139819329,75.09,233,82,73.97,46380671,281,280,1,"N/A"
"Shri S. Kalyanasundaram (2022-28)","Sitting Rajya Sabha","Tamil Nadu","Rajya Sabha",239763792.52,178930791,74.63,141,44,76.22,60833001.52000001,180,179,1,"N/A"
"Shri Shambhu Sharan Patel (2022-28)","Sitting Rajya Sabha","Bihar","Rajya Sabha",237168443.49,175484824,73.99,199,108,64.82,61683619.49000001,221,216,5,"N/A"
"Dr. Dharmshila Gupta (2024-30)","Sitting Rajya Sabha","Bihar","Rajya Sabha",186200000,136714265,73.42,87,55,61.27,49485735,113,109,4,"N/A"
"Smt. Mahua Maji (2022-28)","Sitting Rajya Sabha","Jharkhand","Rajya Sabha",232524001.2,163193927,70.18,150,315,32.26,69330074.19999999,598,598,0,"N/A"
"Shri Aditya Prasad (2022-28)","Sitting Rajya Sabha","Jharkhand","Rajya Sabha",227628508.2,159474868,70.06,141,85,62.39,68153640.19999999,383,382,1,"N/A"
"Shri R. Girirajan (2022-28)","Sitting Rajya Sabha","Tamil Nadu","Rajya Sabha",236312242.52,165328944,69.96,150,71,67.87,70983298.52000001,189,187,2,"N/A"
"Shri Baburam Nishad (2022-28)","Sitting Rajya Sabha","Uttar Pradesh","Rajya Sabha",196063957.11,136082109.32,69.41,436,213,67.18,59981847.79000002,595,592,3,"N/A"
"Smt. Sadhna Singh (2024-30)","Sitting Rajya Sabha","Uttar Pradesh","Rajya Sabha",147000000,101298179,68.91,5,13,27.78,45701821,37,33,4,"N/A"
"Shri Gulam Ali (2022-28)","Nominated Rajya Sabha","Jammu And Kashmir","Rajya Sabha",196063957.11,134033715,68.36,156,29,84.32,62030242.110000014,192,190,2,"N/A"
"Shri Arun Singh (2020-26)","Sitting Rajya Sabha","Uttar Pradesh","Rajya Sabha",223492764.11,151462382,67.77,46,65,41.44,72030382.11000001,197,190,7,"N/A"
"Dr. Sandeep Kumar Pathak (2022-28)","Sitting Rajya Sabha","Punjab","Rajya Sabha",232203454.24,156797999,67.53,156,122,56.12,75405455.24000001,1084,1082,2,"N/A"
"Shri Satish Chandra Dubey (2022-28)","Sitting Rajya Sabha","Bihar","Rajya Sabha",235263957.11,158349542,67.31,162,87,65.06,76914415.11000001,205,204,1,"N/A"
"Shri Sant Balbir Singh (2022-28)","Sitting Rajya Sabha","Punjab","Rajya Sabha",196359074.44000003,131995905.41,67.22,206,166,55.38,64363169.03000003,757,755,2,"N/A"
"Shri Jaggesh (2022-28)","Sitting Rajya Sabha","Karnataka","Rajya Sabha",196063957.11,130587101,66.6,126,82,60.58,65476856.110000014,166,166,0,"N/A"
"Dr. Kavita Patidar (2022-28)","Sitting Rajya Sabha","Madhya Pradesh","Rajya Sabha",197118521.35000002,126777000.12,64.32,142,75,65.44,70341521.23000002,426,426,0,"N/A"
"Shri Ramji Lal Suman (2024-30)","Sitting Rajya Sabha","Uttar Pradesh","Rajya Sabha",147000000,93005621,63.27,29,35,45.31,53994379,120,120,0,"N/A"
"Dr. K. Laxman (2022-28)","Sitting Rajya Sabha","Uttar Pradesh","Rajya Sabha",197637007.11,123809716,62.65,275,48,85.14,73827291.11000001,323,311,12,"N/A"
"Shri K.R.N. Rajeshkumar (2022-28)","Sitting Rajya Sabha","Tamil Nadu","Rajya Sabha",238513975.53,148008917,62.05,84,18,82.35,90505058.53,96,95,1,"N/A"
"Shri Chandrakant Damodar Handore (2024-30)","Sitting Rajya Sabha","Maharashtra","Rajya Sabha",147000000,91048479,61.94,9,29,23.68,55951521,26,26,0,"N/A"
"Shri Dorjee Tshering Lepcha (2024-30)","Sitting Rajya Sabha","Sikkim","Rajya Sabha",150170726.11,91921040,61.21,85,33,72.03,58249686.110000014,183,183,0,"N/A"
"Shri Tejveer Singh (2024-30)","Sitting Rajya Sabha","Uttar Pradesh","Rajya Sabha",147000000,89900058,61.16,53,33,61.63,57099942,152,150,2,"N/A"
"Dr. Sikander Kumar (2022-28)","Sitting Rajya Sabha","Himachal Pradesh","Rajya Sabha",207863957.11,126093485.04,60.66,168,226,42.64,81770472.07000001,412,405,7,"N/A"
"Shri Ratanjit Pratap Narain Singh (2024-30)","Sitting Rajya Sabha","Uttar Pradesh","Rajya Sabha",147000000,88769750,60.39,83,42,66.4,58230250,209,208,1,"N/A"
"Shri Mukul Wasnik (2022-28)","Sitting Rajya Sabha","Rajasthan","Rajya Sabha",196063957.11,113678488.01,57.98,94,79,54.34,82385469.10000001,452,439,13,"N/A"
"Shri Pradip Kumar Varma (2024-30)","Sitting Rajya Sabha","Jharkhand","Rajya Sabha",178564551.09,101069118,56.6,24,214,10.08,77495433.09,244,230,14,"N/A"
"Shri P. Chidambaram (2022-28)","Sitting Rajya Sabha","Tamil Nadu","Rajya Sabha",236312242.52,132583554,56.11,75,69,52.08,103728688.52000001,188,186,2,"N/A"
"Dr. Vikramjit Singh Sahney (2022-28)","Sitting Rajya Sabha","Punjab","Rajya Sabha",198656208.57000002,111224375.74,55.99,27,33,45,87431832.83000003,348,346,2,"N/A"
"Shri Naresh Bansal (2020-26)","Sitting Rajya Sabha","Uttarakhand","Rajya Sabha",222043184.71,124316327,55.99,106,127,45.49,97726857.71000001,215,212,3,"N/A"
"Shri Meda Raghunadha Reddy (2024-30)","Sitting Rajya Sabha","Andhra Pradesh","Rajya Sabha",147000000,81094462,55.17,110,139,44.18,65905538,137,131,6,"N/A"
"Shri Rwngwra Narzary (2022-28)","Sitting Rajya Sabha","Assam","Rajya Sabha",220563957.11,118006237,53.5,16,150,9.64,102557720.11000001,174,174,0,"N/A"
"Shri Vivek K. Tankha (2022-28)","Sitting Rajya Sabha","Madhya Pradesh","Rajya Sabha",220563957.11,116080421,52.63,118,388,23.32,104483536.11000001,631,625,6,"N/A"
"Shri Imran Pratapgarhi (2022-28)","Sitting Rajya Sabha","Maharashtra","Rajya Sabha",196000000,102738277,52.42,53,55,49.07,93261723,75,75,0,"N/A"
"Shri Narayanasa K. Bhandage (2024-30)","Sitting Rajya Sabha","Karnataka","Rajya Sabha",147450000,77113625,52.3,87,69,55.77,70336375,165,163,2,"N/A"
"Shri Chunnilal Garasiya (2024-30)","Sitting Rajya Sabha","Rajasthan","Rajya Sabha",147000000,75813515,51.57,24,152,13.64,71186485,177,176,1,"N/A"
"Shri Pramod Tiwari (2022-28)","Sitting Rajya Sabha","Rajasthan","Rajya Sabha",196063957.11,100649660,51.34,64,66,49.23,95414297.11000001,219,218,1,"N/A"
"Shri Harsh Mahajan (2024-30)","Sitting Rajya Sabha","Himachal Pradesh","Rajya Sabha",147000000,74932957,50.97,152,297,33.85,72067043,470,463,7,"N/A"
"Smt. Sonia Gandhi (2024-30)","Sitting Rajya Sabha","Rajasthan","Rajya Sabha",147000000,73650244,50.1,46,82,35.94,73349756,145,140,5,"N/A"
"Shri Surendra Singh Nagar (2022-28)","Sitting Rajya Sabha","Uttar Pradesh","Rajya Sabha",220563957.11,109500434.16,49.65,98,200,32.89,111063522.95000002,281,272,9,"N/A"
"Shri Babubhai Jesangbhai Desai (2023-29)","Sitting Rajya Sabha","Gujarat","Rajya Sabha",171500000,84930425,49.52,137,128,51.7,86569575,170,166,4,"N/A"
"Smt. Sudha Murty (2024-30)","Nominated Rajya Sabha","Karnataka","Rajya Sabha",147000000,71000000,48.3,0,10,0,76000000,8,8,0,"N/A"
"Shri Ravi Chandra Vaddiraju (2024-30)","Sitting Rajya Sabha","Telangana","Rajya Sabha",152732534.11,73173325,47.91,107,168,38.91,79559209.11000001,162,161,1,"N/A"
"Shri Nagendra Ray (2023-29)","Sitting Rajya Sabha","West Bengal","Rajya Sabha",171500000,82024946,47.83,2,20,9.09,89475054,13,13,0,"N/A"
"Smt. Maya Naroliya (2024-30)","Sitting Rajya Sabha","Madhya Pradesh","Rajya Sabha",147000000,70041767,47.65,16,140,10.26,76958233,180,170,10,"N/A"
"Shri G.C. Chandrashekhar (2024-30)","Sitting Rajya Sabha","Karnataka","Rajya Sabha",147000000,69767504,47.46,62,133,31.79,77232496,149,146,3,"N/A"
"Shri Kapil Sibal (2022-28)","Sitting Rajya Sabha","Uttar Pradesh","Rajya Sabha",196063957.11,92839935.12,47.35,64,155,29.22,103224021.99000001,290,279,11,"N/A"
"Dr. Sangeeta Balwant (2024-30)","Sitting Rajya Sabha","Uttar Pradesh","Rajya Sabha",147000000,68851419.5,46.84,2,383,0.52,78148580.5,254,254,0,"N/A"
"Shri Brij Lal (2020-26)","Sitting Rajya Sabha","Uttar Pradesh","Rajya Sabha",196063957.11,91370638,46.6,113,37,75.33,104693319.11000001,160,159,1,"N/A"
"Shri V. Vijayendra Prasad (2022-28)","Nominated Rajya Sabha","Andhra Pradesh","Rajya Sabha",196063957.11,90827947,46.33,74,121,37.95,105236010.11000001,113,107,6,"N/A"
"Dr. Sarfraz Ahmad (2024-30)","Sitting Rajya Sabha","Jharkhand","Rajya Sabha",178564551.09,82543604,46.23,20,273,6.83,96020947.09,186,156,30,"N/A"
"Shri Harbhajan Singh (2022-28)","Sitting Rajya Sabha","Punjab","Rajya Sabha",220984094.27,101056126.52,45.73,77,80,49.04,119927967.75000001,530,521,9,"N/A"
"Prof. Manoj Kumar Jha (2024-30)","Sitting Rajya Sabha","Bihar","Rajya Sabha",191620112.11,87200986,45.51,110,66,62.5,104419126.11000001,111,111,0,"N/A"
"Smt. Sulata Deo (2022-28)","Sitting Rajya Sabha","Odisha","Rajya Sabha",196084721.4,88913709,45.34,115,196,36.98,107171012.4,303,301,2,"N/A"
"Shri Naveen Jain (2024-30)","Sitting Rajya Sabha","Uttar Pradesh","Rajya Sabha",147000000,64773227,44.06,10,124,7.46,82226773,94,94,0,"N/A"
"Dr. Anil Sukhdeorao Bonde (2022-28)","Sitting Rajya Sabha","Maharashtra","Rajya Sabha",196063957.11,83459336,42.57,50,132,27.47,112604621.11000001,82,79,3,"N/A"
"Smt. Nirmala Sitharaman (2022-28)","Sitting Rajya Sabha","Karnataka","Rajya Sabha",215972051.45,91394660,42.32,7,16,30.43,124577391.44999999,10,7,3,"N/A"
"Shri Samirul Islam (2023-29)","Sitting Rajya Sabha","West Bengal","Rajya Sabha",171500000,71238651,41.54,0,57,0,100261349,17,17,0,"N/A"
"Shri Derek O' Brien (2023-29)","Sitting Rajya Sabha","West Bengal","Rajya Sabha",171500000,70787264,41.28,0,35,0,100712736,16,16,0,"N/A"
"Ms. Dola Sen (2023-29)","Sitting Rajya Sabha","West Bengal","Rajya Sabha",171500000,69414332,40.47,0,27,0,102085668,20,20,0,"N/A"
"Dr. Dinesh Sharma (2023-26)","Sitting Rajya Sabha","Uttar Pradesh","Rajya Sabha",147000000,57084177,38.83,2,89,2.2,89915823,63,61,2,"N/A"
"Shri Sanjay Seth (2024-30)","Sitting Rajya Sabha","Uttar Pradesh","Rajya Sabha",147000000,56357801,38.34,19,40,32.2,90642199,48,46,2,"N/A"
"Shri Neeraj Shekhar (2020-26)","Sitting Rajya Sabha","Uttar Pradesh","Rajya Sabha",236483662.11,90266672,38.17,41,186,18.06,146216990.11,176,176,0,"N/A"
"Shri Anil Kumar Yadav Mandadi (2024-30)","Sitting Rajya Sabha","Telangana","Rajya Sabha",147000000,54363174,36.98,71,31,69.61,92636826,73,73,0,"N/A"
"Dr. Ajeet Madhavrao Gopchade (2024-30)","Sitting Rajya Sabha","Maharashtra","Rajya Sabha",147000000,53532752,36.42,44,48,47.83,93467248,52,51,1,"N/A"
"Dr. Syed Naseer Hussain (2024-30)","Sitting Rajya Sabha","Karnataka","Rajya Sabha",147000000,52745755,35.88,3,59,4.84,94254245,44,44,0,"N/A"
"Shri S. Selvaganabathy (2021-27)","Sitting Rajya Sabha","Puducherry","Rajya Sabha",292881856.49,101658946,34.71,31,70,30.69,191222910.49,92,79,13,"N/A"
"Shri Sanjay Raut (2022-28)","Sitting Rajya Sabha","Maharashtra","Rajya Sabha",196063957.11,67167846,34.26,6,69,8,128896111.11000001,29,29,0,"N/A"
"Dr. Radha Mohan Das Agrawal (2022-28)","Sitting Rajya Sabha","Uttar Pradesh","Rajya Sabha",203626524.67000002,69089075,33.93,15,30,33.33,134537449.67000002,53,53,0,"N/A"
"Shri Akhilesh Prasad Singh (2024-30)","Sitting Rajya Sabha","Bihar","Rajya Sabha",186200000,62309563,33.46,38,18,67.86,123890437,50,48,2,"N/A"
"Shri Jairam Ramesh (2022-28)","Sitting Rajya Sabha","Karnataka","Rajya Sabha",220563957.11,73253485,33.21,18,109,14.17,147310472.11,78,78,0,"N/A"
"Dr. Kalpana Saini (2022-28)","Sitting Rajya Sabha","Uttarakhand","Rajya Sabha",200830405.8,65308088,32.52,58,131,30.69,135522317.8,159,152,7,"N/A"
"Smt. Sagarika Ghose (2024-30)","Sitting Rajya Sabha","West Bengal","Rajya Sabha",147000000,47289873,32.17,0,13,0,99710127,16,16,0,"N/A"
"Shri Ryaga Krishnaiah (2024-28)","Sitting Rajya Sabha","Andhra Pradesh","Rajya Sabha",170413583.79,54608584,32.04,30,39,43.48,115804999.78999999,35,35,0,"N/A"
"Shri Damodar Rao Divakonda (2022-28)","Sitting Rajya Sabha","Telangana","Rajya Sabha",239919406.11,76576137,31.92,109,177,38.11,163343269.11,194,194,0,"N/A"
"Shri Randeep Singh Surjewala (2022-28)","Sitting Rajya Sabha","Rajasthan","Rajya Sabha",196063957.11,60881596,31.05,55,94,36.91,135182361.11,243,237,6,"N/A"
"Shri S.R. Sivalingam (2025-31)","Sitting Rajya Sabha","Tamil Nadu","Rajya Sabha",89248285.42,27371677,30.67,6,43,12.24,61876608.42,25,25,0,"N/A"
"Shri Mohammed Nadimul Haque (2024-30)","Sitting Rajya Sabha","West Bengal","Rajya Sabha",147000000,45077861,30.67,1,18,5.26,101922139,16,16,0,"N/A"
"Smt. Mamata Thakur (2024-30)","Sitting Rajya Sabha","West Bengal","Rajya Sabha",147000000,44446422,30.24,51,9,85,102553578,55,55,0,"N/A"
"Shri Abdul Wahab (2021-27)","Sitting Rajya Sabha","Kerala","Rajya Sabha",310898953.29,93760670,30.16,120,247,32.7,217138283.29000002,164,163,1,"N/A"
"Dr. Dharmasthala Veerendra Heggade (2022-28)","Nominated Rajya Sabha","Karnataka","Rajya Sabha",196063957.11,56879514,29.01,301,173,63.5,139184443.11,641,632,9,"N/A"
"Shri Pabitra Margherita (2022-28)","Sitting Rajya Sabha","Assam","Rajya Sabha",220563957.11,62784403.44,28.47,5,205,2.38,157779553.67000002,110,110,0,"N/A"
"Shri Balyogi Umeshnath (2024-30)","Sitting Rajya Sabha","Madhya Pradesh","Rajya Sabha",147000000,41747000,28.4,11,67,14.1,105253000,83,80,3,"N/A"
"Dr. Medha Vishram Kulkarni (2024-30)","Sitting Rajya Sabha","Maharashtra","Rajya Sabha",147000000,41737818,28.39,31,76,28.97,105262182,49,49,0,"N/A"
"Smt. P. T. Usha (2022-28)","Nominated Rajya Sabha","Kerala","Rajya Sabha",196063957.11,55206130,28.16,39,83,31.97,140857827.11,77,76,1,"N/A"
"Shri Rajib Bhattacharjee (2024-28)","Sitting Rajya Sabha","Tripura","Rajya Sabha",122500000,34210580,27.93,18,40,31.03,88289420,39,36,3,"N/A"
"Shri Banshilal Gurjar (2024-30)","Sitting Rajya Sabha","Madhya Pradesh","Rajya Sabha",147000000,40924435,27.84,10,71,12.35,106075565,93,93,0,"N/A"
"Shri Birendra Prasad Baishya (2025-31)","Sitting Rajya Sabha","Assam","Rajya Sabha",98000000,26202530,26.74,1,44,2.22,71797470,24,23,1,"N/A"
"Dr. L. Murugan (2024-30)","Sitting Rajya Sabha","Madhya Pradesh","Rajya Sabha",147000000,38699774,26.33,6,30,16.67,108300226,40,39,1,"N/A"
"Dr. M. Dhanapal (2025-31)","Sitting Rajya Sabha","Tamil Nadu","Rajya Sabha",89248285.42,23199724,25.99,27,24,52.94,66048561.42,33,33,0,"N/A"
"Shri A. A. Rahim (2022-28)","Sitting Rajya Sabha","Kerala","Rajya Sabha",220563957.11,56633403,25.68,17,58,22.67,163930554.11,36,36,0,"N/A"
"Shri Sandosh Kumar P (2022-28)","Sitting Rajya Sabha","Kerala","Rajya Sabha",220563957.11,55957933,25.37,29,75,27.88,164606024.11,72,67,5,"N/A"
"Dr. Parmar Jashvantsinh Salamsinh (2024-30)","Sitting Rajya Sabha","Gujarat","Rajya Sabha",147000000,36641140,24.93,61,312,16.35,110358860,93,93,0,"N/A"
"Smt. Jebi Mather Hisham (2022-28)","Sitting Rajya Sabha","Kerala","Rajya Sabha",220563957.11,54417993,24.67,47,72,39.5,166145964.11,75,75,0,"N/A"
"Shri Ajay Makan (2024-30)","Sitting Rajya Sabha","Karnataka","Rajya Sabha",147000000,35435523,24.11,2,11,15.38,111564477,10,10,0,"N/A"
"Shri Kanad Purkayastha (2025-31)","Sitting Rajya Sabha","Assam","Rajya Sabha",98000000,23363207,23.84,0,50,0,74636793,31,30,1,"N/A"
"Dr. John Brittas (2021-27)","Sitting Rajya Sabha","Kerala","Rajya Sabha",245063957.11,57506835,23.47,36,108,25,187557122.11,57,56,1,"N/A"
"Shri Ghanshyam Tiwari (2022-28)","Sitting Rajya Sabha","Rajasthan","Rajya Sabha",196063957.11,45570943,23.24,28,60,31.82,150493014.11,190,181,9,"N/A"
"Smt. Rajathi (2025-31)","Sitting Rajya Sabha","Tamil Nadu","Rajya Sabha",89248285.42,20612106,23.1,16,39,29.09,68636179.42,22,20,2,"N/A"
"Dr. Sudhanshu Trivedi (2024-30)","Sitting Rajya Sabha","Uttar Pradesh","Rajya Sabha",147000000,33646948,22.89,14,30,31.82,113353052,28,28,0,"N/A"
"Shri Sadanand Mhalu Shet Tanavade (2023-29)","Sitting Rajya Sabha","Goa","Rajya Sabha",171500000,37836353.99,22.06,8,33,19.51,133663646.00999999,26,26,0,"N/A"
"Shri Dhananjay Bhimrao Mahadik (2022-28)","Sitting Rajya Sabha","Maharashtra","Rajya Sabha",220383643.11,48415797,21.97,32,125,20.38,171967846.11,41,41,0,"N/A"
"Shri Yerram Venkata Subba Reddy (2024-30)","Sitting Rajya Sabha","Andhra Pradesh","Rajya Sabha",147000000,32233322,21.93,38,104,26.76,114766678,69,64,5,"N/A"
"Shri Madan Rathore (2024-30)","Sitting Rajya Sabha","Rajasthan","Rajya Sabha",147000000,31006198,21.09,21,111,15.91,115993802,226,220,6,"N/A"
"Shri Masthan Rao Yadav Beedha (2024-28)","Sitting Rajya Sabha","Andhra Pradesh","Rajya Sabha",171296045.11,35512349,20.73,33,87,27.5,135783696.11,46,46,0,"N/A"
"Shri Subhash Barala (2024-30)","Sitting Rajya Sabha","Haryana","Rajya Sabha",147000000,29685944,20.19,4,73,5.19,117314056,62,59,3,"N/A"
"Shri Jayant Chaudhary (2022-28)","Sitting Rajya Sabha","Uttar Pradesh","Rajya Sabha",214074707.67000002,43141697,20.15,8,16,33.33,170933010.67000002,25,22,3,"N/A"
"Shri Ilaiyaraaja (2022-28)","Nominated Rajya Sabha","Tamil Nadu","Rajya Sabha",220563957.11,44381022,20.12,17,10,62.96,176182935.11,28,28,0,"N/A"
"Dr. Laxmikant Bajpayee (2022-28)","Sitting Rajya Sabha","Uttar Pradesh","Rajya Sabha",196000000,38761207,19.78,4,62,6.06,157238793,36,33,3,"N/A"
"Smt. Phulo Devi Netam (2026-32)","Sitting Rajya Sabha","Chhattisgarh","Rajya Sabha",49000000,9399219,19.18,0,81,0,39600781,15,13,2,"N/A"
"Shri Samik Bhattacharya (2024-30)","Sitting Rajya Sabha","West Bengal","Rajya Sabha",147000000,27783784,18.9,10,41,19.61,119216216,27,23,4,"N/A"
"Dr. Ashok Kumar Mittal (2022-28)","Sitting Rajya Sabha","Punjab","Rajya Sabha",222487632.14,41747005,18.76,15,32,31.91,180740627.14,234,229,5,"N/A"
"Shri S. Jaishankar (2023-29)","Sitting Rajya Sabha","Gujarat","Rajya Sabha",171500000,31616893,18.44,46,117,28.22,139883107,60,60,0,"N/A"
"Shri Amar Pal Maurya (2024-30)","Sitting Rajya Sabha","Uttar Pradesh","Rajya Sabha",147000000,26365566,17.94,18,120,13.04,120634434,33,30,3,"N/A"
"Shri Govindbhai Laljibhai Dholakia (2024-30)","Sitting Rajya Sabha","Gujarat","Rajya Sabha",147000000,25955567,17.66,44,78,36.07,121044433,58,58,0,"N/A"
"Shri Praful Patel (2024-30)","Sitting Rajya Sabha","Maharashtra","Rajya Sabha",147000000,25340576,17.24,22,95,18.8,121659424,37,37,0,"N/A"
"Shri I.S. Inbadurai (2025-31)","Sitting Rajya Sabha","Tamil Nadu","Rajya Sabha",89248285.42,15065385,16.88,12,49,19.67,74182900.42,31,31,0,"N/A"
"Shri Manan Kumar Mishra (2024-28)","Sitting Rajya Sabha","Bihar","Rajya Sabha",235263957.11,38457500,16.35,31,57,35.23,196806457.11,39,38,1,"N/A"
"Shri Jose K. Mani (2024-30)","Sitting Rajya Sabha","Kerala","Rajya Sabha",122500000,19384930,15.82,26,154,14.44,103115070,44,43,1,"N/A"
"Shri Mahendra Bhatt (2024-30)","Sitting Rajya Sabha","Uttarakhand","Rajya Sabha",147000000,23254909,15.82,11,108,9.24,123745091,159,157,2,"N/A"
"Dr. Sasmit Patra (2022-28)","Sitting Rajya Sabha","Odisha","Rajya Sabha",196063957.11,30700333,15.66,42,250,14.38,165363624.11,122,120,2,"N/A"
"Shri Kesridevsinh Jhala (2023-29)","Sitting Rajya Sabha","Gujarat","Rajya Sabha",171500000,26513551,15.46,21,123,14.58,144986449,51,45,6,"N/A"
"Shri P. P. Suneer (2024-30)","Sitting Rajya Sabha","Kerala","Rajya Sabha",122500000,18439441,15.05,19,69,21.59,104060559,31,31,0,"N/A"
"Smt. Jaya Amitabh Bachchan (2024-30)","Sitting Rajya Sabha","Uttar Pradesh","Rajya Sabha",147000000,21904185,14.9,10,13,43.48,125095815,21,21,0,"N/A"
"Shri Rajeev Shukla (2022-28)","Sitting Rajya Sabha","Chhattisgarh","Rajya Sabha",271174394.23,40349928,14.88,4,26,13.33,230824466.23000002,34,33,1,"N/A"
"Shri Raghav Chadha (2022-28)","Sitting Rajya Sabha","Punjab","Rajya Sabha",237229207.25,34558312,14.57,4,2,66.67,202670895.25,34,34,0,"N/A"
"Smt. Rekha Sharma (2024-28)","Sitting Rajya Sabha","Haryana","Rajya Sabha",98000000,14183077,14.47,1,144,0.69,83816923,187,182,5,"N/A"
"Shri Haris Beeran (2024-30)","Sitting Rajya Sabha","Kerala","Rajya Sabha",122500000,17480985,14.27,9,207,4.17,105019015,23,22,1,"N/A"
"Shri Mayankkumar Nayak (2024-30)","Sitting Rajya Sabha","Gujarat","Rajya Sabha",147000000,19560868,13.31,20,151,11.7,127439132,66,63,3,"N/A"
"Shri S Niranjan Reddy (2022-28)","Sitting Rajya Sabha","Andhra Pradesh","Rajya Sabha",224621383.11,29499116,13.13,3,16,15.79,195122267.11,28,26,2,"N/A"
"Shri Golla Baburao (2024-30)","Sitting Rajya Sabha","Andhra Pradesh","Rajya Sabha",147000000,18853785,12.83,2,42,4.55,128146215,19,19,0,"N/A"
"Shri Narain Dass Gupta (2024-30)","Sitting Rajya Sabha","Delhi","Rajya Sabha",160837070,20020022,12.45,11,41,21.15,140817048,15,15,0,"N/A"
"Shri Ashok Singh (2024-30)","Sitting Rajya Sabha","Madhya Pradesh","Rajya Sabha",147000000,17667083,12.02,11,99,10,129332917,56,55,1,"N/A"
"Shri P. Wilson (2025-31)","Sitting Rajya Sabha","Tamil Nadu","Rajya Sabha",89248285.42,9998159,11.2,1,34,2.86,79250126.42,4,4,0,"N/A"
"Shri Sanjay Singh (2024-30)","Sitting Rajya Sabha","Delhi","Rajya Sabha",184466426.11,16687160,9.05,16,85,15.84,167779266.11,22,22,0,"N/A"
"Dr. V. Sivadasan (2021-27)","Sitting Rajya Sabha","Kerala","Rajya Sabha",276720323.27,24863346,8.99,14,49,22.22,251856977.26999998,45,45,0,"N/A"
"Shri Manas Ranjan Mangaraj (2022-28)","Sitting Rajya Sabha","Odisha","Rajya Sabha",196063957.11,13305000,6.79,23,104,18.11,182758957.11,31,31,0,"N/A"
"Shri Satnam Singh Sandhu (2024-30)","Nominated Rajya Sabha","Chandigarh","Rajya Sabha",147000000,9104144,6.19,4,20,16.67,137895856,59,58,1,"N/A"
"Shri Ashokrao Shankarrao Chavan (2024-30)","Sitting Rajya Sabha","Maharashtra","Rajya Sabha",147000000,8968982,6.1,2,31,6.06,138031018,8,8,0,"N/A"
"Shri Ashwini Vaishnaw (2024-30)","Sitting Rajya Sabha","Odisha","Rajya Sabha",265563957.11,14565426,5.48,4,13,23.53,250998531.11,21,21,0,"N/A"
"Shri Devendra Pratap Singh (2024-30)","Sitting Rajya Sabha","Chhattisgarh","Rajya Sabha",170837637.76,8275468,4.84,3,14,17.65,162562169.76,14,14,0,"N/A"
"Shri Lahar Singh Siroya (2022-28)","Sitting Rajya Sabha","Karnataka","Rajya Sabha",206278088.11,9847659,4.77,2,14,12.5,196430429.11,7,7,0,"N/A"
"Shri Subhasish Khuntia (2024-30)","Sitting Rajya Sabha","Odisha","Rajya Sabha",147000000,5516064,3.75,3,219,1.35,141483936,31,31,0,"N/A"
"Shri Sanjay Kumar Jha (2024-30)","Sitting Rajya Sabha","Bihar","Rajya Sabha",186200000,5078584,2.73,4,2,66.67,181121416,6,6,0,"N/A"
"Smt. Laxmi Verma (2026-32)","Sitting Rajya Sabha","Chhattisgarh","Rajya Sabha",49000000,1250000,2.55,0,2,0,47750000,2,2,0,"N/A"
"Shri Nitin Laxmanrao Jadhav Patil (2024-28)","Sitting Rajya Sabha","Maharashtra","Rajya Sabha",122500000,2996110,2.45,3,57,5,119503890,3,3,0,"N/A"
"Shri B. Parthasaradhi Reddy (2022-28)","Sitting Rajya Sabha","Telangana","Rajya Sabha",244365104,5945528,2.43,6,19,24,238419576,7,7,0,"N/A"
"Smt. Renuka Chowdhury (2024-30)","Sitting Rajya Sabha","Telangana","Rajya Sabha",147000000,3061296,2.08,0,105,0,143938704,7,5,2,"N/A"
"Shri Paka Venkata Satyanarayana (2025-28)","Sitting Rajya Sabha","Andhra Pradesh","Rajya Sabha",98000000,1599035,1.63,1,12,7.69,96400965,1,1,0,"N/A"
"Shri Jagat Prakash Nadda (2024-30)","Sitting Rajya Sabha","Gujarat","Rajya Sabha",147000000,2100000,1.43,0,74,0,144900000,5,4,1,"N/A"
"Shri Milind Murli Deora (2024-30)","Sitting Rajya Sabha","Maharashtra","Rajya Sabha",147000000,999996,0.68,0,25,0,146000004,2,1,1,"N/A"
"Shri Kartikeya Sharma (2022-28)","Sitting Rajya Sabha","Haryana","Rajya Sabha",196000000,1161226,0.59,0,62,0,194838774,2,2,0,"N/A"
"Dr. Alka Singh (2026-32)","Sitting Rajya Sabha","Rajasthan","Rajya Sabha",49000000,0,0,0,0,0,49000000,0,0,0,"N/A"
"Dr. Abhishek Manu Singhvi (2026-32)","Sitting Rajya Sabha","Telangana","Rajya Sabha",49000000,0,0,0,0,0,49000000,0,0,0,"N/A"
"Shri Terash Gowalla (2026-32)","Sitting Rajya Sabha","Assam","Rajya Sabha",49000000,0,0,0,0,0,49000000,0,0,0,"N/A"
"Dr. Meenakshi Jain (2025-31)","Nominated Rajya Sabha","Delhi","Rajya Sabha",73500000,0,0,0,10,0,73500000,0,0,0,"N/A"
"Dr. Santrupt Misra (2026-32)","Sitting Rajya Sabha","Odisha","Rajya Sabha",49000000,0,0,0,11,0,49000000,0,0,0,"N/A"
"Shri Tai Tagak (2026-32)","Sitting Rajya Sabha","Arunachal Pradesh","Rajya Sabha",49000000,0,0,0,0,0,49000000,0,0,0,"N/A"
"Shri Tiruchi Siva (2026-32)","Sitting Rajya Sabha","Tamil Nadu","Rajya Sabha",49356476.5,0,0,0,0,0,49356476.5,0,0,0,"N/A"
"Dr. Jyoti Nagnath Waghmare (2026-32)","Sitting Rajya Sabha","Maharashtra","Rajya Sabha",49000000,0,0,0,0,0,49000000,0,0,0,"N/A"
"Shri Ujjwal Deorao Nikam (2025-31)","Nominated Rajya Sabha","Maharashtra","Rajya Sabha",73500000,0,0,0,0,0,73500000,0,0,0,"N/A"
"Shri Upendra Kushwaha (2026-32)","Sitting Rajya Sabha","Bihar","Rajya Sabha",49000000,0,0,0,6,0,49000000,0,0,0,"N/A"
"Shri Vijay Chintakayala (2026-32)","Sitting Rajya Sabha","Andhra Pradesh","Rajya Sabha",49000000,0,0,0,0,0,49000000,0,0,0,"N/A"
"Dr. M. Thambi Durai (2026-32)","Sitting Rajya Sabha","Tamil Nadu","Rajya Sabha",49356476.5,0,0,0,0,0,49356476.5,0,0,0,"N/A"
"Smt. Maya Chintaman Ivnate (2026-32)","Sitting Rajya Sabha","Maharashtra","Rajya Sabha",49000000,0,0,0,20,0,49000000,0,0,0,"N/A"
"Shri Vinod Shridhar Tawde (2026-32)","Sitting Rajya Sabha","Maharashtra","Rajya Sabha",49000000,0,0,0,0,0,49000000,0,0,0,"N/A"
"Smt. Adhikarimayum Sharda Devi (2026-32)","Sitting Rajya Sabha","Manipur","Rajya Sabha",49000000,0,0,0,3,0,49000000,0,0,0,"N/A"
"Dr. Mukeshbhai J. Rathwa (2026-32)","Sitting Rajya Sabha","Gujarat","Rajya Sabha",49000000,0,0,0,0,0,49000000,0,0,0,"N/A"
"Shri L. K. Sudhish (2026-32)","Sitting Rajya Sabha","Tamil Nadu","Rajya Sabha",49356476.5,0,0,0,0,0,49356476.5,0,0,0,"N/A"
"Shri Bhashyam Rama Krishna (2026-32)","Sitting Rajya Sabha","Andhra Pradesh","Rajya Sabha",49000000,0,0,0,0,0,49000000,0,0,0,"N/A"
"Shri C. Sadanandan Master (2025-31)","Nominated Rajya Sabha","Kerala","Rajya Sabha",73500000,0,0,0,35,0,73500000,0,0,0,"N/A"
"Shri Chowdry Mohammad Ramzan (2025-31)","Sitting Rajya Sabha","Jammu And Kashmir","Rajya Sabha",73500000,0,0,0,0,0,73500000,0,0,0,"N/A"
"Shri Christopher Manickam (2026-32)","Sitting Rajya Sabha","Tamil Nadu","Rajya Sabha",49356476.5,0,0,0,0,0,49356476.5,0,0,0,"N/A"
"Shri Constandine Ravindran (2026-32)","Sitting Rajya Sabha","Tamil Nadu","Rajya Sabha",49356476.5,0,0,0,0,0,49356476.5,0,0,0,"N/A"
"Shri Mansoor Ali Khan (2026-32)","Sitting Rajya Sabha","Karnataka","Rajya Sabha",49000000,0,0,0,3,0,49000000,0,0,0,"N/A"
"Shri Mallikarjun Kharge (2026-32)","Sitting Rajya Sabha","Karnataka","Rajya Sabha",49063957.11,0,0,0,0,0,49063957.11,0,0,0,"N/A"
"Shri M. Nagaraja (2026-32)","Sitting Rajya Sabha","Karnataka","Rajya Sabha",49000000,0,0,0,0,0,49000000,0,0,0,"N/A"
"Shri Lingamaneni Ramesh (2026-32)","Sitting Rajya Sabha","Andhra Pradesh","Rajya Sabha",49000000,0,0,0,0,0,49000000,0,0,0,"N/A"
"Shri Neeraj Dangi (2026-32)","Sitting Rajya Sabha","Rajasthan","Rajya Sabha",49000000,0,0,0,4,0,49000000,0,0,0,"N/A"
"Shri Khiangte Laltluangkima (2026-32)","Sitting Rajya Sabha","Mizoram","Rajya Sabha",24500000,0,0,0,0,0,24500000,0,0,0,"N/A"
"Shri Karamvir Singh Singh Boudh (2026-32)","Sitting Rajya Sabha","Haryana","Rajya Sabha",49000000,0,0,0,0,0,49000000,0,0,0,"N/A"
"Shri Kamal Haasan (2025-31)","Sitting Rajya Sabha","Tamil Nadu","Rajya Sabha",89248285.42,0,0,0,4,0,89248285.42,0,0,0,"N/A"
"Shri Dilip Kumar Ray (2026-32)","Sitting Rajya Sabha","Odisha","Rajya Sabha",49000000,0,0,0,22,0,49000000,0,0,0,"N/A"
"Shri Jogen Mohan (2026-32)","Sitting Rajya Sabha","Assam","Rajya Sabha",49000000,0,0,0,18,0,49000000,0,0,0,"N/A"
"Shri James Pangsang Kongkal Sangma (2026-32)","Sitting Rajya Sabha","Meghalaya","Rajya Sabha",49000000,0,0,0,0,0,49000000,0,0,0,"N/A"
"Shri Harsh Vardhan Shringla (2025-31)","Nominated Rajya Sabha","West Bengal","Rajya Sabha",73500000,0,0,0,6,0,73500000,0,0,0,"N/A"
"Shri Gurwinder Singh Oberoi (2025-31)","Sitting Rajya Sabha","Jammu And Kashmir","Rajya Sabha",73500000,0,0,0,0,0,73500000,0,0,0,"N/A"
"Shri Anurag Sharma (2026-32)","Sitting Rajya Sabha","Himachal Pradesh","Rajya Sabha",49000000,0,0,0,0,0,49000000,0,0,0,"N/A"
"Shri Shivesh Kumar (2026-32)","Sitting Rajya Sabha","Bihar","Rajya Sabha",49000000,0,0,0,0,0,49000000,0,0,0,"N/A"
"Dr. Satish Poonia (2026-32)","Sitting Rajya Sabha","Rajasthan","Rajya Sabha",49000000,0,0,0,0,0,49000000,0,0,0,"N/A"
"Shri Sat Paul Sharma (2025-31)","Sitting Rajya Sabha","Jammu And Kashmir","Rajya Sabha",73500000,0,0,0,4,0,73500000,0,0,0,"N/A"
"Shri Sanjay Yadav (2024-30)","Sitting Rajya Sabha","Bihar","Rajya Sabha",186200000,0,0,0,54,0,186200000,0,0,0,"N/A"
"Shri Sanjay Bhatia (2026-32)","Sitting Rajya Sabha","Haryana","Rajya Sabha",49000000,0,0,0,1,0,49000000,0,0,0,"N/A"
"Shri Sana Sathish Babu (2026-32)","Sitting Rajya Sabha","Andhra Pradesh","Rajya Sabha",49000000,0,0,0,0,0,49000000,0,0,0,"N/A"
"Ms. Swati Maliwal (2024-30)","Sitting Rajya Sabha","Delhi","Rajya Sabha",147000000,0,0,0,3,0,147000000,0,0,0,"N/A"
"Shri Sajjad Ahmad Kichloo (2025-31)","Sitting Rajya Sabha","Jammu And Kashmir","Rajya Sabha",73500000,0,0,0,17,0,73500000,0,0,0,"N/A"
"Shri Ramrao Sakharam Wadkute (2026-32)","Sitting Rajya Sabha","Maharashtra","Rajya Sabha",49000000,0,0,0,0,0,49000000,0,0,0,"N/A"
"Shri Sujeet Kumar (2026-32)","Sitting Rajya Sabha","Odisha","Rajya Sabha",49000000,0,0,0,35,0,49000000,0,0,0,"N/A"
"Shri Ram Nath Thakur (2026-32)","Sitting Rajya Sabha","Bihar","Rajya Sabha",65673638.730000004,0,0,0,33,0,65673638.730000004,0,0,0,"N/A"
"Shri Rajneesh Kumar Agrawal (2026-32)","Sitting Rajya Sabha","Madhya Pradesh","Rajya Sabha",49000000,0,0,0,0,0,49000000,0,0,0,"N/A"
"Shri Rajinder Gupta (2025-28)","Sitting Rajya Sabha","Punjab","Rajya Sabha",49000000,0,0,0,0,0,49000000,0,0,0,"N/A"
"Shri Rajeev Kumar (2026-32)","Sitting Rajya Sabha","West Bengal","Rajya Sabha",49000000,0,0,0,0,0,49000000,0,0,0,"N/A"
"Shri Praveen Chakravarthy (2026-28)","Sitting Rajya Sabha","Tamil Nadu","Rajya Sabha",49000000,0,0,0,1,0,49000000,0,0,0,"N/A"
"Shri Pramod Boro (2026-32)","Sitting Rajya Sabha","Assam","Rajya Sabha",49000000,0,0,0,0,0,49000000,0,0,0,"N/A"
"Shri Prakash Chik Baraik (2026-29)","Sitting Rajya Sabha","West Bengal","Rajya Sabha",49662892,0,0,0,0,0,49662892,0,0,0,"N/A"
"Shri Nitin Nabin (2026-32)","Sitting Rajya Sabha","Bihar","Rajya Sabha",49000000,0,0,0,0,0,49000000,0,0,0,"N/A"