vendor_id,vendor_name,agency_id
V001,Vendor 01,AG002
V002,Vendor 02,AG030
V003,Vendor 03,AG006
V004,Vendor 04,AG022
V005,Vendor 05,AG010
V006,Vendor 06,AG004
V007,Vendor 07,AG022
V008,Vendor 08,AG029
V009,Vendor 09,AG018
V010,Vendor 10,AG026
V011,Vendor 11,AG012
V012,Vendor 12,AG002
V013,Vendor 13,AG010
V014,Vendor 14,AG030
V015,Vendor 15,AG004
V016,Vendor 16,AG014
V017,Vendor 17,AG016
V018,Vendor 18,AG015
V019,Vendor 19,AG008
V020,Vendor 20,AG014
V021,Vendor 21,AG023
V022,Vendor 22,AG028
V023,Vendor 23,AG025
V024,Vendor 24,AG030
V025,Vendor 25,AG008
V026,Vendor 26,AG021
V027,Vendor 27,AG016
V028,Vendor 28,AG013
V029,Vendor 29,AG018
V030,Vendor 30,AG015
V031,Vendor 31,AG021
V032,Vendor 32,AG024
V033,Vendor 33,AG026
V034,Vendor 34,AG025
V035,Vendor 35,AG028
V036,Vendor 36,AG028
V037,Vendor 37,AG028
V038,Vendor 38,AG013
V039,Vendor 39,AG009
V040,Vendor 40,AG029
V041,Vendor 41,AG015
V042,Vendor 42,AG013
V043,Vendor 43,AG001
V044,Vendor 44,AG025
V045,Vendor 45,AG007
V046,Vendor 46,AG009
V047,Vendor 47,AG024
V048,Vendor 48,AG001
V049,Vendor 49,AG012
V050,Vendor 50,AG008
V051,Vendor 51,AG024
V052,Vendor 52,AG011
V053,Vendor 53,AG019
V054,Vendor 54,AG017
V055,Vendor 55,AG008
V056,Vendor 56,AG003
V057,Vendor 57,AG003
V058,Vendor 58,AG001
V059,Vendor 59,AG027
V060,Vendor 60,AG005
V061,Vendor 61,AG010
V062,Vendor 62,AG007
V063,Vendor 63,AG026
V064,Vendor 64,AG009
V065,Vendor 65,AG028
V066,Vendor 66,AG007
V067,Vendor 67,AG009
V068,Vendor 68,AG008
V069,Vendor 69,AG012
V070,Vendor 70,AG002
V071,Vendor 71,AG001
V072,Vendor 72,AG016
V073,Vendor 73,AG023
V074,Vendor 74,AG023
V075,Vendor 75,AG030
V076,Vendor 76,AG024
V077,Vendor 77,AG005
V078,Vendor 78,AG003
V079,Vendor 79,AG012
V080,Vendor 80,AG008
